brand,count,revenue
samsung,372923,101277413.44928074
apple,308937,238721793.87136078
,131487,19566319.81365472
xiaomi,124908,20453899.24980569
huawei,47204,9664104.069643974
cordiant,27534,1304972.0694236755
lucente,26137,6651658.949298859
oppo,25971,5901500.486373901
lg,21606,8626906.707679987
sony,17038,6341082.96963501
artel,15391,2676367.428899765
bosch,13715,3081446.5879223347
acer,13284,6924026.02504921
lenovo,11125,4450744.8191587925
nokian,10888,811953.5864868164
elenberg,10845,420414.4381966591
triangle,10576,524052.97934532166
indesit,10211,2557000.2856578827
philips,10002,1173123.4058704376
vitek,9530,398568.9185991287
redmond,9123,634073.3906164169
beko,7845,1868287.6472625732
dauscher,7752,1478481.9130897522
viatti,7732,342707.5453338623
hp,7702,2568762.224179268
tefal,7531,802489.1343584061
haier,6919,2002876.7260131836
respect,6597,526240.1726379395
midea,6338,951045.7196798325
casio,6210,536587.2013063431
polaris,6138,273861.0584945679
stels,5811,552684.4205207825
yokohama,5368,481949.7096443176
jbl,5069,330367.56864881516
asus,4912,2635830.9818487167
nokia,4862,395619.8905439377
starline,4685,662190.114189148
matador,4215,240579.71091270447
rowenta,3949,214324.49043941498
vivo,3939,1011852.104675293
braun,3924,375829.9281463623
meizu,3882,486279.6368608475
tunga,3614,129435.49962234497
janome,3498,841782.3825759888
ariston,3455,434141.65983200073
pioneer,3447,385449.6504173279
force,3419,508229.34103775024
arg,3269,372220.18590164185
sokolov,3254,481042.08932852745
omron,3119,186431.42107391357
scarlett,3020,101623.70996332169
kivi,2949,783394.7412338257
epson,2766,644584.3222417831
kingston,2636,119287.39044260979
panasonic,2562,255769.509059906
kapsen,2457,124021.21967697144
karcher,2444,608900.9220466614
prestigio,2435,126617.26056528091
huter,2427,369518.9782848358
sv,2393,584976.2177772522
maxxis,2378,182069.93032836914
hansa,2377,606976.7784996033
baden,2315,157022.78015708923
roadx,2226,117420.43000984192
canon,2188,1073300.2928695679
powertrac,2150,88612.58069229126
michelin,2099,257212.58922576904
tcl,2088,533345.1946716309
brw,2070,478882.6697816849
tp-link,2030,145137.94098472595
atlant,2011,531574.1994476318
goodyear,2000,223285.58045578003
bars,1925,120287.87029457092
nika,1881,85240.75992965698
oasis,1843,67049.11031675339
electrolux,1842,366540.86984586716
transcend,1798,85635.35008525848
elari,1794,102089.37984275818
zeta,1785,126423.31995391846
crown,1753,93048.86070680618
bts,1593,424270.3007411957
montale,1577,141746.88932609558
asel,1566,84558.86964416504
kenwood,1547,301914.179353714
bridgestone,1540,221967.0994796753
sho-me,1520,212996.85190582275
lanvin,1491,63104.98972892761
maxwell,1450,41878.04962539673
honor,1449,331950.72887802124
versace,1361,132873.4896774292
skad,1361,305195.14097595215
sven,1358,51403.499390125275
belecoo,1341,159293.57997894287
ea,1335,90480.27016830444
galaxy,1275,35130.06982040405
alteco,1248,64420.58977508545
yasin,1248,309200.53772735596
moulinex,1240,146044.87121772766
texet,1221,29275.01986169815
defender,1211,13775.06997704506
nexen,1210,83850.48011779785
remington,1207,69624.23969745636
thomas,1185,396999.7205963135
yamaha,1170,423506.0268678665
navien,1161,720899.9304199219
pirelli,1156,111753.33991241455
bq,1156,56133.08010292053
joyroad,1154,50018.180362701416
gefest,1149,214018.05985164642
rondell,1144,59381.839722156525
comforser,1078,59806.269943237305
gorenje,1078,212161.69999694824
perilla,1058,32368.0399684906
oneplus,1054,705132.1086425781
kitfort,1038,109439.94966316223
delonghi,1026,358876.8672027588
ballu,1006,46824.93988990784
willmark,999,21143.409900665283
apacer,996,39173.519772052765
timberk,992,43545.40070724487
pulser,988,694953.460067749
goodride,986,46483.51953125
rieker,967,89279.9400730133
luminarc,954,55369.93978238106
neoline,942,153875.2596464157
continental,915,125273.40992355347
jvc,878,59622.229890823364
harper,876,60148.2997379303
saturn,857,30592.299864768982
ibox,856,70951.50045013428
dewalt,852,173082.56982421875
genesis,850,42734.45986175537
huggies,844,10836.759902477264
chayka,828,79592.4193572998
tigar,825,59506.12025642395
microlab,819,46861.30975818634
kicx,815,57914.12996864319
babyliss,802,50364.84023857117
lider,801,331411.3042526245
gigabyte,780,178076.11014914513
nexpero,778,57338.21933364868
element,770,96951.06993484497
vegas,758,162608.88049697876
ritmix,756,13555.719942450523
wonlex,756,25919.60008907318
candy,752,218730.78818702698
granhel,751,78317.4222278595
aeroforce,737,104664.71033859253
canyon,717,32081.98003911972
fassen,700,32932.40036010742
dior,694,88333.54054260254
strobbs,692,37872.13052368164
karya,692,38881.6500415802
nike,685,71284.23991203308
nikon,683,332282.0288696289
akom,683,50334.10047912598
gislaved,680,56615.650733947754
carfashion,680,49654.97948360443
joie,676,107917.33994293213
chicco,673,78113.55899810791
msi,668,433743.3393383026
garmin,663,354969.47037506104
shivaki,662,101798.50930404663
aerocool,660,47436.9596350193
moschino,645,29827.649991989136
chanel,643,104648.440574646
hubert,643,318588.37031555176
vega,641,16859.340061187744
creed,639,131402.2193660736
lorelli,636,48727.049980163574
toyo,627,57682.58002471924
hifly,623,35047.290086746216
pocketbook,620,95185.32019805908
alpine,611,101693.43077468872
delta,607,68734.73984527588
makita,603,166734.93015289307
aimoto,598,32708.240100860596
hankook,595,52521.709827423096
thermex,592,61853.03045654297
orient,590,88278.82014465332
almacom,587,84544.38994026184
toshiba,586,144942.33190631866
fly,580,135842.42893981934
askona,576,98434.36029243469
gigawatt,572,52738.379570007324
lego,567,34107.00981068611
eurolux,563,46292.80990219116
palit,562,138307.18028259277
microsoft,560,193886.6803970337
hyperx,560,42919.9598865509
changhong,550,131805.0284729004
rivertoys,550,92056.96982574463
wingoffly,546,63173.69008255005
jaguar,539,77255.45977783203
arnica,527,92342.94998550415
cantra,524,44716.759241104126
incanto,501,79925.52939987183
habilead,497,28389.899982452393
salamander,496,49953.070446014404
pride,492,68090.66077804565
volta,480,21397.609587669373
marshall,480,54252.58971786499
inoi,478,21890.550022125244
total,478,18674.079929351807
sava,474,50651.7202835083
trebl,472,34387.78995132446
roadstone,471,31342.810132980347
deepcool,463,12795.729904770851
dinastia,453,148933.7903175354
kormoran,448,27386.8602142334
plantronics,447,19858.49988269806
cortland,439,44002.919830322266
hoco,435,7822.019886732101
voltman,434,34447.98977279663
mazzini,431,17681.11021232605
magnetta,425,101305.61954689026
bfgoodrich,424,44951.50015258789
dyson,423,236828.81762695312
mart,420,25250.769651412964
logitech,418,21905.99981403351
greyder,416,43730.45972824097
x-game,410,9958.159984827042
aqua,408,13843.600177764893
tissot,408,214332.150100708
rooman,407,23290.080150604248
adil,406,45316.610385894775
erlit,405,131130.94010925293
kipardo,404,142780.74925231934
ikea,401,11419.550003290176
stihl,400,105731.1985168457
intex,400,19330.459966659546
jet,397,12502.74970626831
gucci,395,37096.75001144409
intel,392,99029.28047895432
pandora,388,79340.47909545898
rals,386,209862.56759643555
varta,385,44007.20997619629
sunwide,380,20843.190013885498
imperial,377,182991.65756988525
bestoy,376,23541.580192565918
dunlop,374,36175.369873046875
bulgari,371,26073.709953308105
brother,363,55662.09029388428
horizont,363,46124.609939575195
omabelle,362,549628.0008850098
edge,362,54171.89967727661
llorens,361,15687.809999465942
genau,355,113551.8779220581
kukmara,352,13043.299840927124
alphard,351,34110.76992416382
etor,350,39561.04945373535
geil,347,15926.879943847656
phoenix,346,58930.599210739136
flama,345,51316.34969329834
dell,343,269008.46113204956
dwt,343,26310.100065231323
lacoste,343,17954.80002784729
matrix,341,20250.129943847656
efremov,340,49440.78995132446
amd,337,61415.28011512756
farroad,337,19948.590076446533
selby,332,13826.709819793701
babytime,322,19410.68000793457
reebok,320,36463.560371398926
hyundai,320,28482.08002948761
pt-group,317,64795.06927871704
trust,315,14642.229858160019
nintendo,312,86224.19944000244
swat,310,20943.96994829178
stanley,306,15320.190031290054
housefit,303,101671.39072418213
leadbros,302,67831.85029602051
ubisoft,302,8431.119968414307
conceptclub,300,10445.829996109009
asrock,297,44668.41028213501
pituso,297,28476.83003616333
decoroom,294,8328.709971427917
pupa,294,4091.950026035309
seagate,294,21373.170135498047
alis,294,27986.618886947632
darina,294,47115.33977508545
svc,292,12506.430000305176
armani,289,78252.72009277344
dji,288,245953.37943267822
ovation,287,15840.000099182129
axis,287,38740.70004272461
king,286,39205.57987213135
zte,285,22527.999389648438
adidas,284,18984.659924030304
bauer,279,18475.520612239838
peg-perego,278,51495.55018234253
racer,278,51221.420055389404
gopro,277,121653.22904205322
hertz,273,33191.37976074219
smeg,272,122243.65074157715
acme,271,12326.789944887161
bene,270,5774.079968452454
alkor,270,105549.90072631836
deluxe,269,7899.009996414185
montblanc,265,12575.869899749756
mutant,264,11458.579856872559
givenchy,263,26601.42032623291
stagg,263,29690.84002304077
turbo,262,15762.469772338867
domini,262,39447.60023498535
jinga,260,6646.460029602051
legre,258,21333.449310302734
delux,256,3362.590018749237
partner,256,29012.49045562744
oral-b,256,7793.909912109375
sailun,254,17642.329986572266
rusgoldart,251,61179.75038909912
hotpoint-ariston,248,75948.59045791626
olmio,246,9765.460009098053
stendmebel,243,41557.95988845825
kolner,242,9191.099993228912
navitel,240,23677.259872436523
caramelia,238,8070.099943161011
swisshome,237,28048.30979537964
nitto,236,18629.510063171387
ersport,235,30077.900115966797
unit,233,6291.699973106384
sonel,232,24106.969165802002
nutrilon,232,2872.170018196106
redragon,231,5194.130007266998
atlantic,231,43927.32028961182
tomfarr,230,33213.08969497681
bambola,229,10980.220027923584
centurion,228,20166.469924926758
polini,225,33359.159854888916
maxler,225,5933.430030345917
steelseries,223,14470.909929275513
artmusical,222,32574.299949645996
aoteli,221,10217.870037078857
denn,221,8060.489988327026
remax,220,5244.139932870865
ergo,220,60807.609350681305
bertoni,220,13776.599925994873
diamant,220,31255.81968688965
gamma,217,9203.219772338867
fila,216,24159.530111312866
bernina,215,122509.91017150879
bestway,215,16157.380010604858
continent,214,4045.0000240802765
rastar,213,6212.049969673157
petek,211,14690.940017700195
laston,210,23716.700103759766
shell,209,4689.519996643066
oursson,208,22093.389921188354
maxvi,208,2784.1299633979797
denzel,208,56668.01052093506
irbis,208,16311.869910240173
lancome,208,15664.150130271912
cenmax,206,14381.020008087158
peterhof,205,14323.800067901611
razer,204,19179.480019569397
alesis,203,43795.50991439819
merelani,201,17623.1000289917
matrol,199,21111.900035858154
teploross,198,39135.80994415283
dermacol,198,1974.6300375461578
tarkett,198,1281.689992904663
berghoff,197,16447.359891414642
burgerschuhe,197,19923.899673461914
pampers,196,1704.009997844696
wacom,194,38559.05015563965
turboair,194,9411.8200340271
zubr,193,16647.049996376038
tyrex,191,47777.45043182373
sparta,191,4974.22998380661
nakamichi,190,15201.599880218506
garrett,190,51698.16976928711
merries,188,3433.189917087555
vichy,188,4472.769994735718
bergner,187,9034.080021858215
welly,187,1549.1400017738342
netechnics,186,149749.02709960938
boccia,186,22579.480072021484
bourjois,185,1844.8500142097473
maxtrek,185,12740.469997406006
gosh,184,2430.0000081062317
m-audio,183,25229.759788513184
fender,183,48914.47009277344
p.i.t.,183,12213.719926834106
delmax,182,8062.5500564575195
hasbro,182,7005.549996852875
rinnai,182,152207.49896240234
escan,181,8035.76997756958
tecno,181,19030.570083618164
aquamarine,181,3132.700011253357
karat,180,8145.29002904892
nan,180,1886.0099792480469
renova,179,14968.760063171387
ecocool,179,17236.589935302734
hoover,179,17447.139739990234
vihr,179,6571.54985666275
awei,177,3020.6199946403503
peda,177,267621.31146240234
firestone,176,59340.880683898926
dxracer,174,51020.069580078125
kumho,174,12142.760047912598
gerat,173,7977.379989385605
umi,173,83920.9701538086
smile,172,6784.52001953125
aplus,171,7943.769996643066
shenma,171,9712.040184020996
fujifilm,169,20799.580032348633
baltekstil,169,22296.259905815125
grow-with-me,169,6063.339874267578
hygge,169,107120.2216796875
toro,166,2340.1700019836426
puma,166,15773.320007324219
kurzweil,165,159112.36270141602
adata,165,8463.529959201813
lux,164,19587.010215759277
asm,163,78278.08010864258
cover,163,39568.44040679932
edufun,162,19257.439582824707
compasal,161,6256.569801330566
galanz,161,10582.790161132812
klima,159,24470.64984893799
cybex,159,85646.21025085449
flight,157,11436.53010559082
bosher,156,27073.440338134766
domyos,155,28030.200216293335
giant,154,120751.08061218262
kugoo,154,74239.62060546875
crucial,154,9190.600116729736
avatar,154,13189.9799118042
cort,154,33418.43014526367
hisense,152,97531.64016723633
pasabahce,152,926.2699937820435
a-case,152,1083.580005645752
zlatek,152,7620.2098932266235
thermaltake,152,17795.540012836456
bsn,151,7548.520050048828
huion,151,37518.65988922119
kristal,150,34646.389907836914
sportelite,150,67095.60987854004
millionaire,150,11560.929637908936
anytek,150,12731.830322265625
epr,150,57800.85055541992
bardahl,149,4039.8899717330933
brateck,149,2643.529977798462
coballe,148,13274.550045013428
diamondunion,148,26010.199818611145
rant,147,14447.97989654541
tomahawk,146,14738.019695281982
fossil,146,26561.849632263184
doogee,144,17392.13998413086
babyzen,143,75665.14077758789
milavitsa,142,3301.5999870300293
coty,140,2046.0900115966797
daewoo,140,90886.6999206543
casada,139,83644.75894927979
nestogen,138,989.1100215911865
alvitek,138,4012.790011405945
gf,137,96218.03900146484
apollo,137,1949.9900093078613
smart,137,84317.999147892
nutricia,136,1182.8000411987305
kartal,136,29049.549852371216
kenzo,136,8993.069900512695
toyota,135,19978.510065078735
mirage,134,9594.489959716797
lorelli-bertoni,134,9782.3498878479
usams,133,6349.110019683838
beyond,132,1678.4900259971619
riga,132,44373.040130615234
danielklein,131,5013.4700355529785
teosa,129,5336.290047645569
cersanit,129,13520.319988250732
pozis,128,37769.61018371582
d-link,127,3061.130000591278
guerlain,126,12990.840087890625
huanger,126,3167.2599697113037
zelmer,126,7573.629957199097
pikate,126,12162.779846191406
blaupunkt,126,39128.979568481445
xerox,125,17828.050300598145
romana,125,20517.309993743896
phantom,124,1958.399953842163
sumdex,124,3256.709949493408
olto,124,5712.550024032593
mystery,122,14215.980224609375
playme,122,18916.359813690186
missha,122,2611.440037727356
moldabela,121,18137.340213775635
aoc,120,31945.950035095215
vestel,120,38031.40980529785
maomaoku,119,40235.1005859375
babyswing,119,9745.330055236816
tamaris,116,8591.33003616333
badlandgames,115,6895.800025939941
uno,114,63824.609619140625
casper,114,12675.59008026123
resanta,113,14855.779864311218
hb,113,3632.039903640747
mobil,111,3434.1900448799133
marcomen,111,9040.099864959717
torrent,111,10185.65991783142
veston,110,4455.930099487305
agness,110,3394.729996204376
aeg,109,5232.769947052002
vinzer,108,6262.620002746582
rebus,108,19580.069793701172
nexttab,108,5639.460052490234
balta,108,7927.310033798218
bioderma,107,1621.5399961471558
portcase,107,909.9599981307983
mebelswow-rn,106,10549.399841308594
goform,106,7166.12003326416
gree,106,30906.360107421875
drjart,105,2614.2799818515778
axper,105,5010.210090637207
arua,104,4266.640023231506
infinity,102,10419.539966583252
kabrita,102,2776.0500349998474
powerplant,102,2991.319996356964
kainar,102,6590.84016418457
serebro,101,587.9399929046631
yvessaintlaurent,101,6043.949983596802
ams,100,22989.00958251953
elikor,100,9301.689998626709
iwalk,100,1701.9099864959717
barneo,99,6735.02000617981
zeppelin,99,12855.379831790924
chloe,99,6820.150043487549
gamemax,99,17238.269799232483
sordiant,99,5323.699962615967
ecotex,99,1893.8300037384033
elizavecca,99,1286.9700031280518
kiturami,99,57487.35971069336
shagovita,99,6849.569900512695
burton,98,24562.309745788574
sennheiser,98,8452.460022449493
pnb,98,538.8900067806244
mutlu,98,9969.139930725098
rosa,96,5640.030010223389
asics,96,7231.400001525879
santeri,96,5623.059980392456
rapoo,96,2547.3200101852417
stayer,95,3034.0699820518494
sapphire,95,24603.610229492188
xp-pen,94,25048.079887390137
jordan,94,12898.320190429688
maunfeld,94,13678.829986572266
bork,94,44713.070137023926
appollo,94,10339.640146255493
fubag,93,36699.40980529785
parkmaster,93,5501.839988708496
nitro,93,25635.489700317383
deta,93,11525.899948120117
edon,92,3599.8000164031982
ostamebel,92,67387.72980499268
htc,91,11654.190227031708
rial,91,34810.51010131836
picard,91,7949.930047988892
komfort-s,90,22530.469917297363
avalon,90,43619.539978027344
mykronoz,90,7769.1900062561035
garvalin,89,6088.690059661865
jabra,89,3848.959994316101
adamex,89,36641.790267944336
romanson,89,11310.669715881348
rombica,89,2947.050036430359
novline,89,2489.0500087738037
gezatone,88,4917.570026397705
cougar,87,6986.329923629761
daneildesch,87,12046.380512237549
eltempo,87,7024.749824523926
norfin,86,6169.630002975464
amtel,86,3187.6400566101074
sjcam,85,10608.569980621338
garanterm,85,8016.459976196289
wellberg,85,2055.7099990844727
unilux,84,42890.950119018555
moser,84,6422.690023422241
westa,84,5904.389942169189
tramontina,84,1694.9500115513802
elysium,83,986.9699940681458
tristar,82,2568.139974594116
aeolus,82,13854.569793701172
greta,82,12716.960081100464
shiseido,82,5473.7900314331055
robertobravo,82,83102.47050476074
beats,81,18555.579795837402
versale,81,12007.909971237183
genius,81,1650.5399837493896
modern,81,2285.16007232666
grape,80,3598.6400604248047
adile,80,5354.4000244140625
bbk,80,3837.9999446868896
silverlit,80,3924.9300079345703
scovo,80,2477.1799516677856
powercolor,80,16195.839813232422
trussardi,80,4517.110015869141
bradex,80,2138.1300086975098
crockid,80,540.9899961948395
stark,79,38548.769958496094
satura,79,22759.30002975464
triton,79,21358.079795837402
longway,79,8123.400032043457
moony,79,1483.0099840164185
mercedes,78,18009.720001220703
machaon,78,2371.5399923324585
dkny,78,7842.870010375977
gipfel,78,8571.650035858154
almada,78,12996.500122070312
thule,78,19896.230041503906
ccm,77,11012.640005111694
tuka,77,1623.0199909210205
yoya,77,6460.400047302246
qmax,77,6850.320011138916
fabretti,76,1612.2499856948853
kirkland,76,2293.579969406128
startul,76,4911.410188674927
ivt,75,2560.3199787139893
clatronic,75,3290.8799934387207
gimi,75,1731.3099613189697
jade,75,20504.760124206543
squier,75,19205.63995361328
imx,74,19017.420028686523
akvafor,74,9574.879669189453
nasomatto,73,12787.280090332031
id-cooling,73,2249.8699684143066
glamglow,73,3108.750020980835
smashbox,73,2987.270030975342
hilo,73,2885.6800575256348
whirlpool,73,38182.34005737305
shure,73,19460.65003967285
audio-technica,72,5249.589939117432
amazon,72,13649.309875488281
babor,72,4312.109991073608
teknum,72,5464.2100257873535
huntkey,72,7192.350061416626
bodysculpture,72,20275.880249023438
kronospan,71,1088.2399978637695
confetti,71,793.7299861907959
mattel,71,1360.5599925518036
lumene,71,876.5699915885925
rimax,71,21226.420043945312
aero,71,33910.85011291504
lemark,71,8556.759986877441
titan,70,7163.929961204529
collistar,70,2272.800000190735
akpo,69,9303.360023498535
sonyinteractiveentertainment,69,4530.2700119018555
kingtul,69,4113.639930725098
forward,69,5340.040012359619
gkhair,69,2527.9799995422363
tonybellucci,69,5768.530014038086
danke,68,22922.139919281006
levenhuk,68,4831.459976196289
glasman,68,9703.919738769531
patriot,67,4832.519992828369
covani,67,7642.609992980957
nutrex,67,1896.9899711608887
boyscout,67,573.8799993991852
saferich,67,3799.9500312805176
viviennesabo,67,252.6899973154068
bartek,67,5275.599960327148
santek,66,6640.589931488037
wenge,66,1732.0699710845947
grohe,66,8957.32010269165
gewa,65,4424.499988555908
roland,65,48957.590187072754
exide,65,7107.620008468628
subini,65,6723.60009765625
syma,65,5712.6799964904785
next,65,4486.280014038086
toway,65,17032.600555419922
diamond,65,2390.699920654297
deppa,65,921.4300045967102
redford,65,11999.4296875
kapika,64,4395.510139465332
irobot,64,34528.890045166016
electronicarts,64,4213.760051727295
akai,64,6725.130046844482
neo,64,34614.68958282471
activision,63,3088.9099950790405
kx,63,2142.870011329651
kelli,63,2446.189968109131
avene,63,1092.1600031852722
intego,63,8115.070129394531
google,63,40042.789001464844
rosetta,63,6581.449844360352
bburago,63,1233.0800034999847
delsey,63,6097.4099769592285
rivacase,63,1888.2899894714355
sulu,63,5379.659908294678
shimano,63,9235.00987625122
wallberry,62,770.0299944877625
orange,62,726.3099989891052
luxell,62,4227.549997329712
fisher-price,62,2683.730013847351
comfee,61,6777.669853210449
velvet,61,7966.689964294434
sweety,61,827.090000629425
carver,61,10361.929862976074
skyworth,61,37518.9404296875
burberry,61,3941.159999847412
autoprofi,61,2901.4399757385254
goodloot,60,784.139967918396
achilles,60,3737.829936981201
natrol,60,747.6099948883057
keter,60,8177.279983520508
swatch,60,6700.859992980957
terris,60,1958.8999648094177
afnan,60,3453.8700160980225
nicecooker,60,5830.180068969727
pyrex,59,759.46999168396
xing,59,10943.619979858398
inhouse,59,1103.4199857711792
marcomenti,58,8862.499725341797
gran-stone,58,4158.089988708496
wster,58,2089.259994506836
weifeng,58,970.339973449707
gemei,58,1304.9899797439575
uragan,58,2254.4599380493164
nivea,58,223.7699990272522
masstone,57,820.1099967956543
daisy,57,8299.540023803711
einhell,57,5590.369888305664
buggy,57,11347.140029907227
morel,57,4430.0699462890625
garnier,57,187.90000021457672
disney,57,878.3399968147278
ava,57,3783.7300415039062
dion,56,1662.7600212097168
roingto,56,13116.590240478516
rapid,56,827.6300039291382
bmw,56,4779.809997558594
autoline,56,15782.279876708984
orium,56,17613.829620361328
ga-de,56,901.639988899231
belashoff,56,1815.7099895477295
erkaplan,56,13394.039905548096
nania,55,3639.0199489593506
gross,55,6576.150128364563
optima,55,5622.639932632446
dymatize,55,3514.9498167037964
roadmarch,55,2181.4199714660645
atoll,54,5544.339996337891
i-baby,54,2019.959976196289
barbie,54,1805.9300050735474
botas,54,4354.220024108887
s.a.n.,54,1664.850064277649
cacharel,54,2399.300018310547
sega,54,2157.969928741455
maribel,54,6320.430023193359
gerber,53,118.61000281572342
roncato,53,11095.000003814697
qiangchi,53,7432.090072631836
ryobi,52,8251.240074157715
sms,52,535.0799980163574
kaiser,52,16818.970138549805
muqajankz,52,1522.5099935531616
rush,51,8736.789932250977
fujida,51,4926.0198974609375
mercury,51,79698.55987548828
mitasu,51,1302.399995803833
peavey,51,19620.72001838684
manuoki,50,681.0599956512451
boneco,50,8200.379867553711
adamas,50,7921.089920043945
attribute,50,976.9300212860107
mancera,50,6264.86994934082
giorgioarmani,50,3322.7400131225586
prada,49,4335.800025939941
carters,49,1406.3799934387207
solite,49,4455.760032653809
beyerdynamic,48,6080.540000915527
crona,48,3251.8600158691406
anex,48,30431.069885253906
onlitop,48,6599.430153846741
halei,48,752.8599824905396
remain,47,10829.05989074707
inspector,47,8839.420043945312
mammut,47,1815.7399864196777
alpina,47,8553.140060424805
stiga,47,4138.170009613037
acuvue,47,1093.3199977874756
metabo,47,14172.250074386597
ray-ban,47,10434.300170898438
diesel,46,12083.220184326172
babylisspro,46,2961.0200386047363
sandisk,46,1260.74001288414
jetpik,46,6842.870048522949
focal,46,6544.330127716064
altenzo,45,3780.119903564453
alcasta,45,9938.969909667969
imperia,45,44005.05065917969
verloni,45,2090.5399990081787
aurora,45,10514.87008190155
castrol,45,1425.479992866516
okuma,45,2128.5800018310547
vako,45,3909.8499755859375
t-rex,45,2719.5700149536133
minerva,44,3450.329975128174
yato,44,3203.930016517639
motorola,44,4673.449989318848
hausmann,44,749.9100043773651
lirene,44,242.82999849319458
velvet-santiago,44,15297.569789886475
olmeko,44,7905.330017089844
calorie,44,1316.770004272461
dam,44,2357.2900228500366
leader,44,4641.189918518066
w-star,44,2805.979995727539
elan,44,12493.459968566895
chameleon,43,1980.0000076293945
rockdale,43,4648.730026245117
hitechnic,43,1669.610019683838
fitlux,43,49887.250244140625
gazpromneft,43,481.9999985694885
citizen,43,6381.299942016602
rainbo,43,3824.109992980957
krause,43,3804.149990081787
tacx,43,12936.510070800781
mebelson,42,8319.950138092041
energizer,42,3929.8699927330017
forlux,42,2998.4499702453613
hitachi,42,17864.75017929077
troyka,42,509.37000846862793
native,42,6053.039794921875
gionee,42,3944.2900161743164
bose,42,18615.539825439453
solostyle,42,2571.3100547790527
prologic,42,3332.029974937439
escada,42,2314.3600087165833
ansmann,41,931.5599894523621
bsa-wheels,41,12059.629943847656
celestron,40,8160.580169677734
haro,40,13438.720108032227
lalique,40,1897.4400177001953
fisher,40,11185.630126953125
enough,40,250.07000160217285
alilo,40,1920.2500228881836
veritas,40,6170.889823913574
audison,40,28182.57984161377
trinx,39,7146.940078735352
roadcruza,39,4483.039878845215
similac,39,436.1299991607666
t-max,39,17089.71026611328
buderus,39,30286.36944580078
trollbeads,39,3812.1300048828125
holder,39,868.589994430542
kitchenaid,39,21659.110290527344
aiko,39,3381.0499954223633
luxvisage,38,123.82000052928925
bochetti,38,4459.450065612793
max,38,2192.180015563965
adriatica,38,6922.700057983398
ausini,38,738.6399998664856
emsa,38,1306.609992980957
zeetex,38,2117.779981613159
dunhill,37,3451.679943084717
manfrotto,37,6031.35998916626
marshal,37,2241.939998626709
ilife,37,9503.810073852539
fli,37,5238.090270996094
plitex,37,1543.790002822876
powcan,37,11467.540115356445
ardahali,37,11981.50984954834
febest,37,721.6200122833252
pablosky,37,2402.100028991699
mamadoma,37,3439.99005317688
haday,37,942.7599830627441
wagner,36,13121.609848022461
lidonet,36,864.9900102615356
voltmaster,36,2948.0900688171387
purederm,36,92.46000039577484
palmers,36,295.16999983787537
embryolisse,36,1210.6599807739258
nuna,36,8229.290176391602
sanita,36,2316.0800065994263
murager,36,4272.89990234375
simfer,35,6945.489944458008
bravo,35,612.4699931144714
verbatim,35,1512.3000087738037
blackberry,35,11322.449912071228
machete,35,1660.2300415039062
bethesda,35,821.7899990081787
hiper,35,609.0600070953369
rockforce,35,2818.6500301361084
finish,35,628.1699965000153
goo.n,34,588.7799806594849
mbs,34,3839.799980163574
aria,34,5157.9700927734375
fivestars,34,807.0099906921387
harley-davidson,34,5354.819961547852
steppuzzle,34,1216.5199584960938
dsp,34,1099.5499877929688
winca,34,11639.909912109375
bruder,33,2038.8399934768677
domani-spa,33,7155.4700927734375
besty,33,370.6100034713745
forcekraft,33,2986.930046081543
capcom,33,1725.8099899291992
deeper,33,11769.519821166992
salmo,33,486.09000301361084
first,33,1074.0999755859375
motul,32,1193.5699787139893
christina,32,819.8699932098389
medeli,32,12067.209991455078
tomford,32,2052.529983520508
topface,32,122.80999994277954
fenix,32,4902.780082702637
sakura,32,585.2299938201904
niio,32,1032.600009918213
samga,32,415.47999572753906
edifier,31,2391.359983444214
orico,31,536.7200043201447
micmax,31,626.8199863433838
carhome,31,526.6899929046631
laurastar,31,39705.82019042969
sheba,31,4211.179948806763
rossinka,31,938.8999977111816
roborock,31,14206.10986328125
firman,31,9040.029998779297
timson,31,528.9200038909912
isntree,31,602.3299977779388
mebelgrad,30,1466.400032043457
aquapick,30,2367.4799194335938
tech-line,30,8159.889862060547
bovidix,30,711.4700107574463
mersco,30,2471.100082397461
byintek,30,4694.460113525391
travelite,30,3622.969970703125
leatherman,30,3456.009979248047
fiesta,30,5070.839914321899
siger,30,2597.9199829101562
plextor,30,2255.270004272461
melitta,30,8232.930172920227
intro,29,442.18999314308167
pinskdrev,29,29582.660202026367
walfix,29,485.0300016403198
akvaton,29,5995.329902648926
snowcap,29,1849.3800582885742
dynamic,29,2906.649948120117
lumme,29,776.9199876785278
sinbo,29,796.6499843597412
spur,29,909.8999767303467
babys,29,1255.1299934387207
veho,29,449.0700054168701
wurth,29,825.1200008392334
alligator,29,1162.4300155639648
koopman,29,493.92000126838684
dox,29,188.0400013923645
lina,28,1009.1200256347656
chigo,28,10721.999969482422
maxima,28,761.8199939727783
byredo,28,6564.989944458008
caprice,28,1999.799976348877
hanowa,28,5001.390037536621
ortega,28,2935.9699897766113
redbo,27,9134.50991821289
riviera,27,13226.780090332031
azzaro,27,1619.5800018310547
europrint,27,378.340003490448
elna,27,10853.910041809082
head,27,6014.809852600098
eviza,27,3846.7901458740234
anta,27,3065.0299758911133
jockey,27,2573.279983520508
biotech,27,1570.9900035858154
zalman,27,1205.350009918213
nillkin,27,204.69000017642975
visavis,27,276.459997177124
beeline,27,1162.040023803711
ballarini,26,942.310004234314
mexx,26,590.9899892807007
verossa,26,1063.1200256347656
tv-shop,26,662.4799880981445
giornonotte,26,17623.660278320312
regent,26,2403.8199920654297
pny,26,10032.100158691406
barty,26,3982.6700401306152
kolibri,26,11822.850172042847
schaublorenz,26,10789.839950561523
ride,26,6788.839942932129
cnd,26,2652.0200412273407
sunfull,26,1405.5600357055664
tutis,26,10570.020050048828
kronasteel,26,4270.400005340576
forsage,26,3835.8600006103516
vladi,26,909.2200241088867
acv,26,1581.1599941253662
now,26,460.90999603271484
zanussi,26,6121.740005493164
columbia,26,3406.099973678589
cartier,25,6836.59005355835
condtrol,25,5259.3400802612305
tamiteks,25,1225.8199920654297
orto-bed,25,7475.3699951171875
dizel,25,2951.1100540161133
avs,25,1640.1999702453613
origins,25,1038.8399868011475
muscletech,25,1197.9199886322021
alcon,25,447.1200065612793
centrpravilnogosna,25,8705.500061035156
alser,25,16812.8798828125
erbis,25,1910.05002450943
dsland,24,13809.909729003906
joerex,24,358.89000511169434
smartrike,24,3584.6600303649902
art-visage,24,85.33999967575073
mtx,24,1899.1699981689453
guangwei,24,301.7599983215332
profiko,24,2728.439956665039
boto,24,3292.1500091552734
havit,24,978.9900016784668
startline,24,7461.9200439453125
fissman,24,2144.3899478912354
festool,24,20497.94970703125
skagen,24,4202.910026550293
porsche,24,3397.68017578125
walkmaxx,24,1095.8999862670898
jetair,23,4457.019989013672
suunto,23,10661.079986572266
battipav,23,5411.600002288818
nobby,23,363.6400032043457
birusa,23,5886.139991760254
tuffoni,23,2689.420051574707
avel,23,1885.46000289917
homy,23,639.3999824523926
kiddieart,23,583.099983215332
fancy,23,345.76000356674194
viewsonic,23,9226.910034179688
akg,23,4349.590049743652
noktamakro,23,7373.150054931641
rodi,23,954.3700065612793
joyroom,23,327.2099905014038
spinmop,23,461.51999497413635
sinotex,23,2286.219985961914
arrivo,23,2094.820037841797
reima,23,3422.919952392578
olympus,22,16631.260047912598
calve,22,495.43999910354614
onkron,22,1098.0299987792969
master,22,1899.3400268554688
cifyurm,22,611.649995803833
topicrem,22,332.51999855041504
cablexpert,22,756.8800067901611
nzxt,22,3677.940010070801
moonybaby,22,2513.990005493164
wahl,22,1353.6699829101562
rucelf,22,3172.370014190674
bambini,22,2470.8899879455566
micio,22,2387.0899810791016
rockstargames,22,915.8000144958496
silva,22,7942.279880523682
leefitness,22,4004.640151977539
rubineta,22,1136.330005645752
neposeda,22,555.0599899291992
victorinox,22,687.0399875640869
xgimi,22,20153.529846191406
husqvarna,22,8841.560165405273
ast,22,132.86000037193298
nz,22,4651.310028076172
promozer,22,456.6299991607666
kativa,22,255.3599967956543
niznekamsksina,22,1040.21000289917
berlingerhaus,22,889.3500137329102
likatoprofessional,22,264.79999923706055
ugreen,21,248.95999813079834
evrodetal,21,4556.089935302734
simba,21,864.7400150299072
amouage,21,5813.3900356292725
dremel,21,2559.4200172424316
coopervision,21,602.3799819946289
keune,21,809.180009841919
ty,21,130.95999813079834
alphaline,21,1904.5500221252441
riko,21,7062.179901123047
alutec,21,14245.399932861328
dds,21,4881.170104980469
kipocket,21,264.80999279022217
roamer,21,7604.840042114258
ombra,21,5690.359939575195
barer,21,202.68999767303467
amalbooks,21,235.98000049591064
otan,21,11943.650085449219
avizor,21,136.9900004863739
radaway,21,14075.460205078125
technomax,21,3324.5099487304688
yacco,21,641.1799840927124
rextor,21,1088.7000274658203
konlega,21,3778.5298461914062
greentek,21,380.4200029373169
a-mega,21,1940.1500148773193
yusufhali,21,4420.979965209961
genki,21,301.4299964904785
wonderlab,21,212.19999313354492
crosby,21,883.669994354248
admira,21,3451.859893798828
thrustmaster,20,6595.169982910156
singer,20,3817.189987182617
polar,20,6068.09001159668
franke,20,4333.3000411987305
tutti,20,792.7999801635742
medalist,20,2165.550003051758
x-race,20,4711.039947509766
kpt,20,3768.199981689453
tokler,20,1818.1899681091309
sisley,20,3038.3199157714844
lexmark,20,1390.0
weekend,20,13760.959930419922
tonar,20,891.9499969482422
suave,20,2115.9200134277344
pdw,20,7698.520080566406
x-level,20,290.6599979400635
heyner,20,2514.360023498535
sksportivnaakollekcia,20,729.7199974060059
starway,20,270.7400064468384
solomon,20,5446.489852905273
joyor,20,12971.500061035156
patrino,20,1827.1399993896484
centek,20,767.7699851989746
welss,19,1374.599983215332
author,19,4731.389907836914
blackvue,19,7439.4000244140625
erdenet,19,4792.939895629883
kawai,19,22261.449829101562
naturehike,19,1268.4800162315369
vardoven,19,12510.020141601562
longines,19,32196.439453125
coolfort,19,1334.4400024414062
maestro,19,804.1799964904785
vt,19,492.27999687194824
annaanna,19,594.0300025939941
on,19,1305.5
polaroid,19,1193.3199996948242
cellio,19,611.2299652099609
note,19,218.0600028038025
ariete,19,5440.450256347656
bravat,19,1868.2300148010254
can-am,19,4032.590118408203
gulliver,19,417.11000061035156
baboo,18,441.92998456954956
nikotex,18,1685.2900199890137
jinjianfeng,18,625.5
marley,18,951.7099962234497
moon,18,8013.689952850342
cavaletto,18,3630.9999084472656
nitecore,18,1544.3999767303467
dirkje,18,699.340015411377
homeart,18,421.66999411582947
babykiss,18,3912.6600341796875
tsubaki,18,192.62000179290771
milwaukee,18,3807.310028076172
remonte,18,1319.239974975586
lorus,18,1359.8800010681152
anon,18,1783.4299926757812
agu,18,1556.0600051879883
magellan,18,291.6499967575073
krups,18,9326.869689941406
valentino,18,1369.520004272461
leo,18,1965.4300270080566
payot,18,903.8399963378906
rochas,18,1064.3099880218506
ducray,18,370.1499938964844
basik,18,359.37999534606934
meinl,18,1586.4000358581543
optoma,18,8786.429962158203
sabyrzhanayrin,18,480.83998680114746
blackbox,18,2457.809989929199
doliva,18,228.89000248908997
helios,18,713.6400032043457
dendy,17,1039.4399871826172
adelline,17,251.49999421834946
festina,17,1402.370002746582
metsui,17,859.9499931335449
fanline,17,2788.709976196289
baratto,17,1370.9500045776367
huile,17,321.30999088287354
internedoors,17,2689.0899963378906
ferrino,17,1687.2800025939941
hangover,17,3890.1100311279297
caravanmusic,17,1531.5299377441406
houseofseasons,17,257.2999987602234
riche,17,478.1899948120117
petro-canada,17,249.4699945449829
bellamebel,17,17516.919555664062
easywalker,17,7087.710021972656
yamato,17,4943.319976806641
elf,17,1067.3099822998047
qvs,17,86.55999994277954
beautycreations,17,154.9300022125244
shakira,17,283.55999660491943
biwec,17,2317.5399475097656
laudio,17,2375.919967651367
shaik,17,4343.909927368164
karaja,17,306.57000160217285
ladida,17,491.8199977874756
greenway,17,1096.010009765625
roxy,17,1430.0500030517578
hjc,17,4015.5699157714844
benebaby,17,1747.8199844360352
ching-ching,17,1788.669994354248
davidoff,16,620.4599952697754
cube,16,11118.449890136719
bombbar,16,355.2899856567383
polese,16,564.0999965667725
skytech,16,411.3599853515625
essence,16,54.69999957084656
scoole,16,433.6599922180176
albertocasiano,16,888.0600166320801
air-cool,16,237.67000198364258
domasnijocag,16,313.1399974822998
sjrc,16,4700.550033569336
schecter,16,6622.880035400391
erisson,16,576.6400146484375
mima,16,4515.409965515137
jasic,16,8978.369995117188
kuttenkeuler,16,475.04000663757324
wortex,16,900.0099830627441
tenda,16,506.20000171661377
fornelli,16,4756.499923706055
dearest,16,741.280029296875
kastamonu,16,259.3399963378906
tch,16,1372.0199813842773
meade,16,2484.3399658203125
vitaluce,16,469.5700044631958
korg,16,13430.180068969727
holiday,16,1872.3200302124023
e-blue,16,4611.459842681885
tucano,16,549.0999984741211
samo,16,214.54000425338745
zemex,16,1366.4799995422363
ski-doo,16,4490.369964599609
victoriassecret,16,241.89999389648438
kerasys,16,87.6700005531311
fengnix,16,2429.919921875
sledopyt,16,1224.1300086975098
kovroff,16,112.76999855041504
tega,15,164.36999702453613
didistyle,15,579.1500091552734
xinyu,15,130.84999465942383
juki,15,5452.369934082031
kettler,15,13423.199951171875
nuxe,15,235.04000091552734
exnihilo,15,568.8600044250488
electronicsdeluxe,15,2667.6900177001953
mora,15,1660.0000038146973
jonnesway,15,3980.7899169921875
jacqueslemans,15,2064.400032043457
rado,15,29344.3505859375
pccooler,15,268.5700011253357
rostok-mebel,15,2130.1500244140625
gehwol,15,203.00999689102173
peak,15,1559.6499786376953
ninebot,15,7989.909820556641
panouge,15,1214.9800338745117
d-clinic,15,457.1400032043457
osman,15,3282.949966430664
hermes,15,2501.550033569336
selective,15,635.5400123596191
eksmo,15,97.84999942779541
lovular,15,281.0799961090088
edox,15,11561.679870605469
sasta,15,398.94999504089355
fitchbaby,15,587.8699798583984
phillips,15,2403.3100357055664
wingo,15,2949.939971923828
mio,15,2311.459987640381
dexp,15,2326.8200454711914
mediheal,15,376.029993057251
farmavita,15,488.5900058746338
dobrusskijfarforovyjzavod,15,1420.1100234985352
biomecanics,14,813.6699981689453
longstyle,14,3207.2599487304688
ara,14,2036.0198974609375
berkut,14,3297.6399841308594
indigo,14,924.8199691772461
ramili,14,589.909984588623
maisto,14,444.9500026702881
apc,14,867.6199913024902
behringer,14,2781.730049133301
wess,14,46.75999879837036
al-ko,14,4167.249954223633
alca,14,592.0599975585938
electro-voice,14,22574.849731445312
ipower,14,68.87000131607056
oris,14,20782.539672851562
gainward,14,6344.350082397461
brahner,14,1323.0599975585938
kingtony,14,881.8799886703491
vitebskiekovry,14,1435.3100051879883
fischer,14,1175.8500175476074
larsen,14,593.4399871826172
salomon,14,2768.629981994629
chieftec,14,1071.680004119873
quechua,14,1147.9299640655518
nubia,14,2081.0800018310547
deviser,14,1029.6100044250488
flormar,14,101.38999819755554
reluce,14,213.7899980545044
iiyama,13,2958.1000061035156
kunlun,13,3879.1099243164062
puckator,13,241.77000045776367
ambition,13,139.22000217437744
seiko,13,8638.830123901367
bissell,13,4784.3701095581055
prology,13,1534.5700073242188
mak,13,10116.179870605469
takeit,13,210.22000002861023
sariel,13,87.85999917984009
waterpik,13,2207.290023803711
medela,13,1572.7400436401367
makeblock,13,4215.750022888184
terra,13,1651.0400085449219
corsair,13,1964.130012512207
popov,13,1494.190040588379
skylor,13,1029.6600341796875
hyper,13,797.3500137329102
noppies,13,409.3000011444092
madina,13,601.0899925231934
yunteng,13,813.9200019836426
elite,13,76.20999956130981
apache,13,3168.4400329589844
lcf,13,204.35000038146973
fisherman,13,598.2299976348877
globber,13,1072.279987335205
coccinelle,13,5327.15007019043
vasilisa,13,296.0600051879883
taller,13,268.9400005340576
zhejiang,13,652.2099761962891
nortec,13,918.3200035095215
mars,13,776.4399862289429
travellight,13,785.8499932289124
ogreen,13,2407.2899780273438
pandect,13,3956.519989013672
biostar,13,662.0199890136719
naughtydog,13,206.8599967956543
krk,13,5622.070007324219
raceready,13,3989.8299560546875
barokko,13,160.3199987411499
arena,12,419.03999423980713
momert,12,675.6700057983398
floresan,12,44.619999051094055
joonies,12,154.7599983215332
poopsie,12,1033.6100025177002
maxi,12,362.40999603271484
qq,12,271.01000213623047
armos,12,3815.7999267578125
rw,12,822.1200084686279
vectron,12,4012.43994140625
alerana,12,95.89999914169312
bushnell,12,2445.039939880371
jkexer,12,11945.830078125
sportop,12,14234.580078125
piatnik,12,261.4799976348877
homage,12,988.4400100708008
elegant,12,143.6399974822998
carwel,12,2546.2400817871094
acm,12,387.500018119812
gracecole,12,199.4000015258789
guerisson,12,174.1800034046173
kmk,12,2916.0900115966797
granicom,12,676.4599990844727
perina,12,1060.6600036621094
ricoh,12,1164.4400177001953
teamgroup,12,509.2400097846985
sirius,12,157.56000137329102
hayali,12,934.3800010681152
bumbleride,12,4190.169998168945
touchbeauty,12,491.72999572753906
dickie,12,236.01000022888184
forza,12,1368.9400024414062
dcshoes,12,4543.760070800781
moliabal,12,383.33999252319336
andeks,12,2007.4799194335938
holicy,12,4507.230087280273
illumico,12,697.5400009155273
whistler,12,595.6699981689453
evga,12,15351.240356445312
esse,12,659.6200084686279
arpenaz,12,125.47999954223633
geneticlabnutrition,11,168.9099988937378
bond,11,254.8700008392334
jack,11,6226.570068359375
fitwell,11,1251.739974975586
knauf,11,50.55000019073486
bibalina,11,189.75
cityup,11,693.6199989318848
colgate,11,158.2900037765503
quatro,11,2399.030044555664
brkpress,11,144.29999828338623
novatex,11,949.1999969482422
hotwheels,11,420.6599998474121
tpmaster,11,226.4900016784668
hollicy,11,2135.4600524902344
iddis,11,993.2499694824219
dagee,11,32.230000734329224
glamvers,11,1552.4200191497803
trek,11,5775.959930419922
baldessarini,11,648.1099891662598
nioxin,11,473.6799850463867
dilis,11,119.1899995803833
lite-on,11,384.23999786376953
pangao,11,1153.479995727539
arsi,11,580.2000007629395
zotac,11,2185.570037841797
inglesina,11,4713.110084533691
fiio,11,830.5600204467773
advan,11,4170.02001953125
alexandre.j,11,1296.4599685668945
lemaks,11,3423.0001220703125
gembird,11,189.74000310897827
esthetichouse,11,95.26000213623047
insight,11,138.6399965286255
tima,11,243.05999946594238
gskill,11,1340.859992980957
cobra,11,1816.270004272461
colourpop,11,339.78999519348145
nadoba,11,1123.0400123596191
antika,11,954.2000045776367
teka,11,3501.470054626465
maxcity,11,481.35998153686523
michaelkors,11,3873.4600830078125
drgans,11,671.2899932861328
eltreco,11,7220.2901611328125
jinyu,11,2670.5900268554688
carlsbad,10,2712.3001098632812
elica,10,1738.8100204467773
graf,10,274.7499942779541
broomer,10,3886.8499755859375
wuw,10,75.71999931335449
nutribullet,10,710.4399871826172
kapousprofessional,10,34.99000000953674
nacon,10,1158.3000183105469
coleman,10,2851.630039215088
quinny,10,3849.790084838867
loreal,10,52.61000061035156
mebelazii,10,3289.4799880981445
humana,10,80.13999795913696
ezetil,10,2311.260009765625
royalblack,10,520.4000091552734
flavia,10,3069.8700256347656
krosno,10,94.31000328063965
koss,10,348.07000851631165
babyono,10,255.12000274658203
mebels,10,1215.0
dub,10,66.55999946594238
inkax,10,41.059999227523804
am.pm,10,4283.960075378418
graphite,10,868.4800109863281
dahon,10,4239.469970703125
shindo,10,651.9799957275391
outwell,10,567.5999917984009
irest,10,943.9400177001953
eco,10,727.1600284576416
finezza,10,201.84999465942383
opadiris,10,1190.0800094604492
simpleparenting,10,3835.4000854492188
dayun,10,12793.1005859375
line,10,675.6400108337402
demiray,10,1060.2999877929688
venta,10,2979.820022583008
minimotors,9,14074.989990234375
jackson,9,2495.8199462890625
syntrax,9,291.25999641418457
legeartis,9,4021.52001953125
agatharuizdelaprada,9,418.2900047302246
vulli,9,168.17999839782715
mapex,9,6042.220062255859
eurogold,9,69.29999828338623
magma,9,1047.6300201416016
ronas,9,329.50000762939453
simurg,9,2775.120086669922
rezult,9,148.74999904632568
bohemia,9,1483.5999870300293
flexter,9,821.1099700927734
volkl,9,3240.990020751953
bykilian,9,401.5499954223633
jomalone,9,231.65999507904053
colombo,9,359.8299980163574
sunday,9,2447.9100952148438
stolplit,9,3533.430034637451
alumet,9,562.6900043487549
riken,9,196.9199924468994
bela,9,116.9999989271164
romax,9,1385.3800048828125
dk,9,2484.2299194335938
rozenbal,9,114.27999782562256
hotmom,9,3662.5999755859375
centara,9,433.46999740600586
scivation,9,302.4200134277344
tempish,9,396.6800003051758
segotep,9,240.04000282287598
swissline,9,201.0900001525879
senci,9,14765.780334472656
rode,9,1482.6799697875977
lifedeco,9,473.40000915527344
cettua,9,26.019999980926514
schreuders,9,457.67000579833984
vossen,9,3474.9900512695312
dfc,9,1510.469970703125
arcodoro,9,349.13000869750977
kolo,9,1618.5199584960938
creo,9,770.6299819946289
ecolab,9,43.75
tamish,9,97.29999780654907
spinmaster,9,1251.0
bugaboo,9,6272.499816894531
s-oil,9,141.31999969482422
deerma,9,198.99000549316406
wilson,8,537.3599948883057
blumarine,8,300.6399974822998
amatis,8,655.9900016784668
bugati,8,1919.6700134277344
luris,8,208.34000205993652
boucheron,8,318.439998626709
rokids,8,1045.0600128173828
rotor,8,515.319995880127
frozen,8,166.9699993133545
polti,8,1393.5700073242188
gesso,8,479.7300033569336
kawasaki,8,823.5499954223633
ibanez,8,2261.5800170898438
tognana,8,458.6999988555908
divalux,8,6352.699951171875
ronthompson,8,205.1599998474121
qazprotein,8,134.1200008392334
wellneo,8,267.5199890136719
takamine,8,9273.13996887207
graffiti,8,644.630012512207
daiwa,8,776.3400001525879
kaier,8,2960.179931640625
elco,8,183.27999877929688
kelly,8,3098.6000061035156
leica,8,1419.4099960327148
mibb,8,2676.7899780273438
brumer,8,1132.56005859375
nero,8,232.0800018310547
shogun,8,5148.1600341796875
stalker,8,1500.7699890136719
hanma,8,2759.43994140625
steelpower,8,210.32000160217285
taxi,8,524.4799995422363
incar,8,971.6899871826172
redken,8,223.11999893188477
blueseven,8,411.8600082397461
pro-karaoke,8,1595.9099578857422
shiraz,8,3632.000015258789
alctron,8,1557.0600051879883
dongma,8,1849.9900207519531
bonita,8,71.04000091552734
florentina,8,1258.7200088500977
otex,8,1955.5599975585938
blenderbottle,8,182.89999961853027
myprotein,8,321.69000244140625
beurer,8,471.36999702453613
helvetia,8,9509.4404296875
adagio,8,895.7799835205078
stinger,8,716.3699989318848
farmstay,8,91.37999773025513
ferrari,8,1202.1200256347656
fantasia,8,2177.3499755859375
konami,8,432.239990234375
sunmi,8,1647.43994140625
viking,8,3537.540008544922
cullmann,8,539.5300102233887
castorland,8,38.480000734329224
abtoys,8,370.4800109863281
aston,8,94.78000164031982
belkin,8,108.39999914169312
deestone,8,2499.4000244140625
sly,8,270.36999893188477
destra,8,278.0000114440918
solaris,8,526.7199954986572
scher-khan,7,571.4199981689453
kingslong,7,274.1300048828125
relouis,7,18.520000219345093
cyberpower,7,983.3799896240234
constancy,7,1846.8799743652344
lol,7,595.4700088500977
normann,7,180.17999839782715
ssm,7,1269.0299797058105
witerra,7,256.55999755859375
sibrteh,7,759.3199996948242
exclusive,7,360.3599967956543
clarion,7,597.1399993896484
kovea,7,432.29000091552734
studioprofessional,7,20.179999589920044
miele,7,2304.5400390625
calvinklein,7,1353.8299827575684
bro,7,416.11000061035156
mz,7,293.2699966430664
salvatoreferragamo,7,487.010009765625
gauss,7,43.70000076293945
fit-rx,7,115.04999828338623
dsquared,7,1449.97998046875
autopower,7,877.2799987792969
qnt,7,40.549999713897705
fitbit,7,1261.1200256347656
leaderkids,7,308.87001037597656
babybotte,7,225.99999618530273
softoy,7,86.00999927520752
tobot,7,270.4700012207031
kuppersberg,7,3779.2300872802734
bwell,7,396.41000747680664
jeep,7,1052.2699890136719
anskin,7,40.52999973297119
davinci,7,252.2800064086914
zhejiangjiajia,7,1488.0800323486328
manke,7,1792.6200256347656
colorfix,7,73.63000011444092
skillmax,7,903.5200042724609
cannondale,7,6883.810089111328
miracase,7,167.10999488830566
bloomsbury,7,108.14000129699707
blam,7,2531.5999908447266
neoclassic,7,48.09000110626221
maxi-cosi,7,1216.7300262451172
jura,7,7701.679946899414
laufen,7,2072.609962463379
omoikiri,7,1335.3200073242188
polo,7,105.8499984741211
aardwolf,7,219.09999465942383
gamdias,7,651.6100006103516
atomic,7,1563.329990386963
nutrend,7,115.43999981880188
amos,7,2004.5999603271484
cailyn,7,178.37000274658203
mefro,7,398.98999786376953
fendi,7,322.310001373291
prestige,7,1668.7899932861328
grillver,7,817.1500015258789
amefa,7,912.8800048828125
mantra,7,1160.1699676513672
kapous,7,35.40000009536743
zobo,7,1494.5600128173828
protherm,7,4165.239990234375
lonex,7,1174.2900085449219
babygo,7,593.3000068664551
oster,7,884.7800102233887
marta,7,177.4699993133545
scooter,7,182.36999893188477
acqua,7,20.72000026702881
htw,7,3296.5099487304688
popurri,7,73.8899998664856
skil,7,702.7299957275391
san,6,442.9400100708008
jika,6,192.80999565124512
musclepharm,6,552.9099922180176
derspur,6,290.3399963378906
babolat,6,418.0300006866455
hori,6,996.1899871826172
minelab,6,5637.2098388671875
obi,6,1981.4399719238281
schwinn,6,3003.9600219726562
gabor,6,683.1399993896484
yika,6,324.3600082397461
ves,6,118.18999671936035
fitnessbody,6,27.180001258850098
naomi,6,754.0599899291992
dometic,6,2130.78995513916
autovirazh,6,352.8000030517578
zimakrasavica,6,93.88000011444092
ural,6,1142.8799743652344
funville,6,129.17999839782715
ravenol,6,139.520001411438
era,6,83.99999761581421
batik,6,32.27999973297119
ww,6,87.3700008392334
abk,6,69.3600025177002
damask,6,414.4300003051758
henglei,6,144.67000198364258
evamosaic,6,26.09999918937683
tanglewood,6,1603.6599731445312
mustela,6,81.45999908447266
merkurij,6,1228.9700164794922
tizo,6,71.17000102996826
defalucy,6,53.54999923706055
kerastase,6,364.3499984741211
global,6,26.87999939918518
bair,6,749.0400009155273
concept,6,69.8899998664856
tesoro,6,324.4600067138672
dls,6,1012.8999938964844
lorealparis,6,67.4000015258789
motorguide,6,1204.6499633789062
altair,6,702.7100067138672
koelf,6,80.59000205993652
desatoekorolevstvo,6,112.33999967575073
alexrojo,6,417.0
milano,6,1176.6100311279297
basic,6,2212.1400146484375
g-cube,6,88.83000040054321
seintex,6,171.18000411987305
otani,6,1709.3899841308594
catunltd,6,405.43001556396484
artway,6,602.3199844360352
marmiton,6,42.32999897003174
mebberi,6,5253.510009765625
chairman,6,1678.0500106811523
kink,6,2361.4799194335938
wincars,6,440.45999908447266
afox,6,741.9099884033203
pinghudakebabycarrier,6,2391.5700073242188
serebroff,6,205.52000045776367
monro,6,172.92999935150146
babylock,6,9875.519897460938
liv,6,2263.6299896240234
oxygen,6,4401.510009765625
g.skill,6,799.6799926757812
clever,6,27.569999933242798
shua,6,10031.610107421875
kontinent,6,139.52000045776367
korting,6,1007.359992980957
korin,6,680.0600128173828
foligain,6,169.1400032043457
stokke,6,1335.7200012207031
zongshen,6,1744.47998046875
prolike,6,294.4500045776367
ultraflash,6,67.33999919891357
yoshioki,6,74.15999794006348
strong,6,679.5600128173828
keddo,6,244.18000411987305
yota,6,172.45999717712402
k.k.y.,6,87.26999759674072
bravis,6,120.63999938964844
enermax,6,484.29998779296875
mosconi,6,3397.7999267578125
beyblade,5,289.17999267578125
trianglegroup,5,382.24998474121094
pierrelannier,5,764.4999847412109
tesler,5,384.7999954223633
sdt,5,397.94000244140625
x-foot,5,527.7000045776367
roca,5,462.15999603271484
edcon,5,401.55999755859375
nord,5,249.03000259399414
manhattan,5,40.77999973297119
tundra,5,275.0499973297119
allocacoc,5,49.280001640319824
celine,5,4222.239990234375
atrai,5,598.4500122070312
zuru,5,64.20000076293945
telefunken,5,122.25000381469727
orla,5,3418.3800048828125
zarkoperfume,5,128.69999885559082
mersedes-benz,5,1023.2100067138672
desigual,5,78.27999877929688
nascitaprofessional,5,178.89999389648438
cezaris,5,753.8299865722656
gladen,5,956.260009765625
delkor,5,594.5999908447266
uvelirnyetradicii,5,105.66000080108643
yokito,5,65.11999988555908
naranda,5,432.4600067138672
organicshop,5,13.250000476837158
quiksilver,5,1792.3100280761719
permanence,5,3616.429946899414
genebre,5,818.3899955749512
greenpro,5,209.9099998474121
dispho,5,160.9000015258789
chub,5,193.0500030517578
halmar,5,1073.1700057983398
delimano,5,205.79999542236328
lotos,5,1336.0600128173828
drsea,5,62.55000019073486
zic,5,97.82000160217285
bestlife,5,60.76000118255615
mjx,5,2367.6499938964844
lubimyjdom,5,1155.1800231933594
tontarelli,5,37.459999084472656
versus,5,1505.6000061035156
upright,5,112.67000102996826
mastela,5,360.1100082397461
daiwerina,5,77.1999979019165
yamaguchi,5,430.50999450683594
kisswill,5,9.430000066757202
yema,5,243.25000762939453
cellucor,5,195.0000057220459
renegade,5,5855.999755859375
hobot,5,2895.1000061035156
stonelock,5,864.8700103759766
framesi,5,135.1299991607666
bresser,5,1472.3499908447266
estel,5,22.37999963760376
trefl,5,29.469999313354492
freeway,5,127.39999771118164
moxom,5,151.02999687194824
ventura,5,1249.5499649047852
airline,5,126.23000144958496
dunya,5,65.91000032424927
flambeau,5,167.64999961853027
shopkins,5,93.03000068664551
malushen,5,423.45001220703125
maisonfranciskurkdjian,5,1608.7899723052979
vasin,5,1948.5400085449219
hama,5,80.5699987411499
segway,5,2033.1600036621094
csmedica,5,157.04999923706055
rika,5,692.1600036621094
smartbuy,5,23.18000030517578
brizoll,5,148.6699981689453
listvig,5,685.4900054931641
playgro,5,44.269999504089355
westerndigital,5,758.3099822998047
salewa,5,445.5799980163574
airwheel,5,1761.0399475097656
schneider,5,1183.5899963378906
mystar,5,4504.5001220703125
zfts,5,354.9400100708008
crybabies,5,270.3000068664551
babyzz,5,1172.739990234375
proxima,5,5122.2598876953125
ballistix,5,438.2900085449219
crescina,5,961.1599655151367
palisad,5,118.42000198364258
royal,5,175.36999988555908
milat,5,805.5700035095215
mercedesbenz,5,579.1500091552734
turbosound,5,5050.31005859375
etalon,5,192.79999542236328
compliment,5,18.529999494552612
mateus,5,1389.7300033569336
keneksi,5,73.20999908447266
rovigo,5,566.3000106811523
liebherr,5,4966.3701171875
parkcity,5,540.5500030517578
samson,5,4697.699890136719
leem,5,1734.6699676513672
mutsy,5,4.4999998807907104
misty,5,778.4700012207031
pedrollo,5,4257.3099365234375
waspo,4,164.75999450683594
cityrover,4,977.1199951171875
bafang,4,6114.759765625
wethepeople,4,1558.8599853515625
pintinox,4,206.43999481201172
jigott,4,19.0
x-digital,4,124.98999977111816
gelflex,4,66.91999816894531
rcf,4,1413.8600311279297
mercusys,4,84.6800012588501
traxxas,4,332.55999755859375
krasatoys,4,171.9600009918213
nikai,4,70.0
memo,4,1023.0099792480469
yegam,4,13.18999981880188
llarri,4,410.8399963378906
jiaxingharleybabycar,4,873.6399841308594
babycare,4,166.67999267578125
tizianaterenzi,4,69.49999904632568
energenie,4,71.95999908447266
originalamnet,4,32.83999967575073
olsa,4,1687.6499786376953
tarlan,4,3970.3799438476562
arkadia,4,128.4499969482422
eurol,4,144.14000129699707
bluedio,4,149.20999908447266
totaku,4,80.19999694824219
baige,4,5148.1201171875
mebelev,4,1904.800048828125
zilmer,4,115.31999969482422
sea-doo,4,613.8800048828125
textura,4,373.8399963378906
gerbor,4,640.9400024414062
butterfly,4,247.04999542236328
recaro,4,1531.5099639892578
amen,4,192.28000259399414
zapco,4,952.4000244140625
akvarel,4,765.5599975585938
maytoni,4,333.5599937438965
defredesign,4,5660.119873046875
jimcarrey,4,50.459999084472656
hottek,4,67.73999881744385
kari,4,22.800000190734863
dopdrops,4,72.08000183105469
sigma,4,264.6199951171875
greenland,4,29.270000457763672
triumphnord,4,875.0799713134766
autojet,4,241.9599952697754
oley,4,391.239990234375
hammer,4,286.68999099731445
kaemingkbv,4,305.86000061035156
mif,4,980.7200164794922
basharan,4,1845.4799880981445
ideal,4,30.799999237060547
dr.hoffman,4,127.93000030517578
karmen,4,761.9100008010864
dekok,4,49.58000087738037
kale,4,463.26000213623047
crossstreet,4,720.719970703125
bayer,4,102.83999633789062
rheinberger,4,155.98999786376953
goliath,4,125.36000061035156
mad,4,128.0699977874756
rebellion,4,74.38999938964844
teslastyle,4,578.1099853515625
unison,4,87.29999923706055
ditreex,4,135.04000091552734
sima-land,4,130.0099983215332
persona,4,1413.1600036621094
hycell,4,71.74999904632568
hubeiindustrialaimiletrading,4,350.0799865722656
signal,4,430.1500015258789
ant,4,1009.0399780273438
xieming,4,216.1199951171875
doohan,4,4362.52001953125
powertec,4,4890.6300048828125
shoiberg,4,222.38999557495117
gigazone,4,36.41999912261963
gys,4,593.0699844360352
qazaqkhan,4,205.39999389648438
juventa,4,295.3599853515625
sonda,4,113.2599983215332
tatami,4,199.21999740600586
ferre,4,484.88001251220703
babyhit,4,281.8500003814697
jb,4,32.59999942779541
bluesonic,4,275.93000411987305
hauck,4,1108.3899993896484
mido,4,3222.72998046875
cafemimi,4,11.839999675750732
zapfcreation,4,334.1300048828125
gretsch,4,2297.0699615478516
tridevatoecarstvo,4,1132.5999755859375
santa-cruz,4,1028.5999755859375
royallondon,4,498.8400115966797
ocz,4,240.4000015258789
babymoov,4,576.5999755859375
onhillsport,4,211.06000137329102
carmex,4,13.399999618530273
bisou,4,16.339999675750732
organickitchen,4,14.399999618530273
vtech,4,238.36000061035156
nik,4,3325.60009765625
hap-p-kid,4,109.22999715805054
ruike,4,77.73999977111816
biovea,4,97.29000091552734
organiczone,4,21.690000534057617
arktika,4,117.91000366210938
uniforce,4,65.87999725341797
urgaz,4,568.3399963378906
pqi,4,100.07000255584717
bombora,4,35.10000133514404
sports,4,2546.159912109375
dvizenie,4,144.13999938964844
maxpro,4,1626.800048828125
petitfee,4,54.20000076293945
leven,4,53.30000114440918
mydean,4,707.8699951171875
sun,4,195.63999938964844
info,4,796.9199905395508
heidelbergcement,4,14.600000381469727
becker,4,3487.8599853515625
haken,4,71.31999969482422
tec,4,1007.8699951171875
alpika,4,633.239990234375
sportbaby,4,1107.7799682617188
casela,4,143.32000732421875
camshel,3,177.60000228881836
remix,3,227.91000366210938
biolane,3,23.679999351501465
mentor,3,84.87000274658203
fisherprice,3,114.77000045776367
konov,3,545.6899871826172
zinc,3,58.59000015258789
higashi,3,1438.4400177001953
cam,3,779.6899871826172
berkley,3,47.09999942779541
scott,3,1335.4199829101562
ciaobimbi,3,154.43999862670898
sunbody,3,181.4700050354004
hatchimals,3,243.47000122070312
colorful,3,404.11998748779297
char-broil,3,751.47998046875
gaga,3,40.59999942779541
freya,3,97.91000175476074
meguin,3,46.839999198913574
geoffanderson,3,133.20000457763672
londa,3,63.35000038146973
initioparfumsprives,3,77.21999931335449
noryalli,3,84.16999816894531
kambrook,3,145.63999938964844
rajton,3,1196.9400329589844
loctek,3,42.80999946594238
omnimount,3,136.3499984741211
repetto,3,103.39999961853027
enlightenbrick,3,2.9100000858306885
avis,3,440.1600036621094
ibaby,3,498.0899963378906
baudet,3,310.9500045776367
nyce,3,122.52000427246094
rcr,3,82.37000274658203
metrot,3,143.76000213623047
besafe,3,513.5399780273438
eurolight,3,32.72999954223633
everlast,3,189.18999862670898
erismann,3,46.839999198913574
hipp,3,14.849999904632568
jasmine,3,118.40000343322754
naturasiberica,3,7.0299999713897705
hobbyworld,3,119.79999732971191
superlux,3,193.06000518798828
m-wave,3,346.99000549316406
ecologystone,3,199.8300018310547
planetaorganica,3,16.230000257492065
superfine,3,30.289999961853027
regatta,3,49.93000030517578
teknetics,3,1011.7100219726562
theshinestonetrade,3,13.830000400543213
triumf,3,583.2199859619141
zing,3,37.43000030517578
elektrostandard,3,171.1699981689453
masei,3,925.8900146484375
plano,3,299.3799934387207
nutrilak,3,14.25
ship,3,13.830000400543213
soundking,3,865.6599922180176
neptun,3,49.709999084472656
ozkaplan,3,741.3300018310547
dynacord,3,5758.43994140625
atelier,3,159.85000228881836
minimen,3,122.52999877929688
lord,3,23.170000553131104
vlk,3,50.87999725341797
teorema,3,227.4900040626526
mitre,3,135.14999771118164
momentum,3,421.62999725341797
converse,3,163.37999725341797
instyle,3,12.089999675750732
wtflabz,3,89.18999862670898
uomo,3,540.4800109863281
bugatti,3,434.50999450683594
globex,3,142.49000358581543
dowontec,3,1235.5500183105469
pisen,3,51.2400016784668
julbo,3,210.30999755859375
alpicool,3,2005.4600219726562
greenpan,3,205.2799949645996
acron,3,46.25
joby,3,75.73000144958496
verdi,3,1330.7899780273438
favourite,3,192.53999710083008
jetem,3,738.760009765625
aruna,3,18.980000019073486
monsterjam,3,97.97999954223633
junama,3,2085.0
cayin,3,632.3099975585938
vans,3,247.8599967956543
volcano,3,1502.2000122070312
ultravit,3,41.88999938964844
cocochoco,3,61.77999973297119
azbukvarik,3,18.0
graffitisound,3,208.5
kaplanser,3,304.0
ford,3,173.6699981689453
heinz,3,3.340000033378601
kovi,3,1971.739990234375
akel,3,208.5
omero,3,289.1499938964844
hq,3,102.88000106811523
gt,3,1757.3200073242188
ats,3,2038.6600341796875
magic,3,72.1200008392334
sevenfriday,3,4450.5699462890625
calypso,3,161.13999557495117
pequetren,3,210.98999786376953
tuncmatik,3,109.0099983215332
estrade,3,15.440000057220459
lahn,3,114.98999977111816
crane,3,246.20999908447266
beisier,3,142.8599967956543
sofit,3,173.6400032043457
annovireverberi,3,916.5299758911133
torso,3,71.47999954223633
interos,3,225.89999389648438
ecolight,3,37.15000057220459
denon,3,1831.9700317382812
doupro,3,780.469970703125
lutian,3,2800.1400146484375
haeger,3,61.77000045776367
cerruti,3,116.68000030517578
madcat,3,153.8499984741211
libero,3,797.6600017547607
phanteks,3,202.29000091552734
gardena,3,1203.780029296875
bioworld,3,9.660000085830688
spiegelau,3,145.35999298095703
sacvoyage,3,226.08999633789062
lolsurprise,3,124.83999633789062
metoyou,3,19.320000171661377
handwers,3,121.98999786376953
smoby,3,1003.6999816894531
magicbeartoys,3,96.54000091552734
biotherm,3,113.35000038146973
kumano,3,21.5
alterna,3,338.4199981689453
mikrotik,3,172.55999946594238
lezard,3,42.60999774932861
prosperplast,3,35.339999198913574
leone,3,231.66000366210938
kef,3,4380.8800048828125
viessmann,3,2704.75
merejbaspasy,3,34.739999771118164
damper,3,170.9300079345703
erichkrause,3,29.789999961853027
mecta,3,131.2799949645996
klorane,3,19.260000467300415
saeshin,3,370.67999267578125
dinamical,3,138.93000411987305
dunu,3,130.5
vibe,3,244.2699966430664
changerobot,3,123.47999954223633
garant,3,10.410000085830688
galacticos,3,11.710000038146973
micro,3,217.51000213623047
levrana,3,22.140000343322754
merach,3,1776.1199340820312
masteryard,3,1891.9500732421875
dbpower,3,200.00999450683594
unikum,3,386.09999084472656
kingsong,3,5976.9898681640625
smiger,3,368.0800018310547
rimmellondon,2,7.519999980926514
tmnt,2,92.5999984741211
ag,2,187.89999389648438
oralcare,2,69.5
flashpoint,2,50.959999084472656
sti,2,76.45000076293945
genlog,2,191.669997215271
blanco,2,297.1999969482422
irit,2,22.780000686645508
moov,2,102.81999969482422
kinklight,2,20.600000381469727
nerf,2,123.04000091552734
ollin,2,16.46999979019165
miraculous,2,33.1299991607666
obsessive,2,40.68000030517578
k-power,2,2208.56005859375
sonny,2,113.26000213623047
carcam,2,519.4900207519531
aiken,2,360.5799865722656
algotherm,2,64.86000061035156
mebberykz,2,1281.8300170898438
plamers,2,9.460000038146973
kleancolor,2,11.31999957561493
beyonce,2,44.39999961853027
boss,2,566.2900085449219
gemsy,2,1242.5999755859375
romack,2,669.260009765625
fsd,2,61.779998779296875
mebelservice,2,290.5900001525879
make-upatelier,2,101.41999816894531
kraftool,2,270.27000427246094
mhp,2,76.95999908447266
scruff-a-luvs,2,64.73999786376953
avermedia,2,217.25999450683594
whitewave,2,139.08999633789062
toyland,2,473.1100158691406
infinitynado,2,125.0999984741211
ovk,2,47.36000061035156
weider,2,25.739999771118164
progress,2,382.12001037597656
neumann,2,1971.469970703125
hellomaggie,2,138.8000030517578
zinvo,2,772.219970703125
allvega,2,159.60000610351562
nocnezna,2,95.13000106811523
alpinapabliser,2,25.9399995803833
altacto,2,9.300000190734863
novigo,2,1747.739990234375
helfer,2,154.45000457763672
mojdodyr,2,304.0
neman,2,21.619999408721924
kehan,2,169.8800048828125
tactic,2,23.90999984741211
keenway,2,51.10000038146973
joko,2,22.9399995803833
proma,2,515.8400268554688
melissadoug,2,47.59999942779541
pensofal,2,387.6600036621094
norplast,2,64.36000061035156
aorus,2,1451.719970703125
teyko,2,105.53999710083008
aquatic,2,27.539999961853027
buttonblue,2,8.72000002861023
hightechway,2,329.5
dolcevita,2,348.5199890136719
cmi,2,467.1499938964844
xxr,2,1663.6099853515625
telwin,2,2277.56005859375
sunsuki,2,2368.139892578125
chilok,2,91.05999755859375
trespass,2,9.520000457763672
kingmax,2,45.2599983215332
bamboo,2,178.1199951171875
karavaevskaauf,2,599.760009765625
hikma,2,30.8799991607666
tuarex,2,105.86000061035156
asustor,2,754.1999969482422
furreal,2,115.31999969482422
falken,2,81.33999633789062
alaia,2,115.83999633789062
nux,2,1441.47998046875
parrot,2,501.9100036621094
spaquatoria,2,97.56000328063965
shima,2,149.3000030517578
billi,2,14.880000114440918
work,2,109.5
epiphone,2,731.0399780273438
visage,2,77.22000122070312
laroche-posay,2,18.020000457763672
promountain,2,411.79998779296875
aileron,2,63.31999969482422
monkey,2,82.37999725341797
yvesrocher,2,30.070000648498535
altinbasak,2,77.31999969482422
ekel,2,13.260000228881836
poholy,2,125.63999938964844
vobix,2,54.00999927520752
daewooelectronics,2,187.62000274658203
voyager,2,72.08000183105469
wenyi,2,21.420000076293945
mitte,2,45.2599983215332
stabila,2,346.5799865722656
trichup,2,11.0600004196167
stl,2,20.34000015258789
velo,2,154.44000244140625
audac,2,190.47999572753906
vipe,2,63.030001640319824
ikkm,2,797.9600219726562
greentree,2,257.3599853515625
ocag,2,1396.9400024414062
cayee,2,32.899999141693115
tools,2,17.959999084472656
meizer,2,6.569999933242798
yoga,2,118.4000015258789
zoom,2,344.9199981689453
traser,2,924.6000061035156
remo,2,732.0699768066406
citilux,2,74.9000015258789
waterworld,2,41.18000030517578
merealni,2,78.0
tako,2,1055.3599853515625
mikasa,2,118.4000015258789
louiserard,2,3315.4000244140625
rossignol,2,306.82000732421875
neva,2,1619.3399658203125
marcjacobs,2,332.6600112915039
estap,2,287.65999603271484
honhongvictorygroupltd,2,138.47999572753906
topex,2,177.17999267578125
nixx,2,234.24000549316406
powerman,2,92.77000045776367
rivalli,2,1209.2999877929688
kangkang,2,25.739999771118164
merry,2,57.93000030517578
stealth,2,127.68000030517578
sospiro,2,620.8599853515625
nirmal,2,6.699999809265137
ivaru,2,166.60000610351562
dormeo,2,110.63000106811523
kress,2,187.27999877929688
thqnordic,2,72.0199966430664
ortopazl,2,57.91000175476074
k-lite,2,15.399999618530273
energolux,2,170.09000396728516
emer,2,797.9600219726562
evelinecosmetics,2,7.210000038146973
rubelli,2,47.470001220703125
lador,2,24.619999885559082
falmec,2,826.3800048828125
belux,2,464.3599853515625
fresh,2,221.32000732421875
prestiz,2,28.31999969482422
trendbeauty,2,17.759999752044678
fant-mebel,2,565.780029296875
gk,2,42.47999954223633
berber,2,33.59999942779541
monisstil,2,46.329999923706055
lamelprofessional,2,11.819999694824219
rovus,2,51.41999816894531
asil,2,35.52000045776367
seasonic,2,286.0
ecosoft,2,378.38999938964844
jupiter,2,2000.06005859375
brevi,2,151.87000274658203
rempire,2,169.8800048828125
imetec,2,77.1200008392334
fea,2,80.23999786376953
terminus,2,243.6300048828125
ghnfitness,2,952.4000244140625
sharking,2,594.6100158691406
mauboussin,2,148.99999618530273
tisa,2,41.69999980926514
moose,2,19.789999961853027
meike,2,158.24000549316406
eltex,2,134.8800048828125
naturalist,2,3.5999999046325684
k-star,2,1801.8399658203125
eneos,2,47.880001068115234
evgo,2,225.70000457763672
vmv,2,82.30999755859375
romer,2,249.67999267578125
siberia,2,761.6599731445312
westone,2,372.739990234375
synology,2,924.3399658203125
thorvik,2,151.36000061035156
cinemood,2,756.75
lumion,2,55.08000183105469
greenbike,2,2292.4100341796875
gaint,2,823.1799926757812
ifree,2,473.6199951171875
sachiko,2,27.940000534057617
agl,2,229.10000610351562
egger,2,36.779998779296875
nici,2,7.71999979019165
ken,2,162.18000030517578
vokul,2,164.22000122070312
raveltex,2,414.94000244140625
prc,2,6.679999828338623
leco,2,201.6199951171875
bio-oil,2,30.56999969482422
cliff,2,566.2999877929688
hellion,2,108.12000274658203
scierra,2,172.40999603271484
nomad,2,133.8000030517578
zegan,2,64.29999923706055
daesung,2,84.41999816894531
caraya,2,182.75999450683594
kronwerk,2,431.32000732421875
geitaran,2,270.2799987792969
certina,2,658.9600219726562
kampfer,2,208.73999786376953
standard,2,227.89999389648438
wilo,2,831.6800231933594
os,2,54.0
faans,2,62.720001220703125
samsonite,2,298.59000396728516
fotorama,2,65.36999893188477
steba,2,241.9199981689453
bouncin,2,82.37999725341797
graco,2,158.0399932861328
chopard,1,820.8699951171875
motivyotdyha,1,360.6000061035156
alexika,1,412.3699951171875
rubiks,1,25.459999084472656
avina,1,190.2899932861328
tutu,1,5.019999980926514
spalding,1,63.040000915527344
sabi,1,13.899999618530273
strunal,1,308.8900146484375
joieanglia,1,372.9800109863281
goodram,1,35.02000045776367
biol,1,13.390000343322754
gornica,1,43.75
mstar,1,16.739999771118164
sufix,1,10.170000076293945
liberty,1,592.0399780273438
eveline,1,4.889999866485596
lykan,1,34.75
sheffilton,1,21.15999984741211
markbass,1,500.6600036621094
a-elita,1,8.489999771118164
alaskaoriginale,1,21.8799991607666
ripol,1,10.3100004196167
maak,1,66.93000030517578
stinol,1,296.510009765625
dune,1,164.22999572753906
aolais,1,33.459999084472656
konig,1,669.260009765625
bkf,1,346.1600036621094
carrera,1,254.5800018310547
foxconn,1,172.85000610351562
optiplus,1,5.789999961853027
actiontrack,1,21.850000381469727
replica,1,322.2699890136719
lamarkahome,1,36.459999084472656
drhedison,1,19.309999465942383
fagor,1,383.9700012207031
bio-tekstil,1,31.940000534057617
polistil,1,82.33999633789062
joker,1,97.80999755859375
cobi,1,45.02000045776367
alexandermcqueen,1,306.05999755859375
boarteks,1,35.099998474121094
damixa,1,42.790000915527344
sibirskietovary,1,60.65999984741211
creoceramique,1,158.6699981689453
federal,1,64.3499984741211
jarko,1,29.81999969482422
vaude,1,257.1499938964844
mc,1,41.7400016784668
praktik,1,287.0899963378906
ildi,1,160.10000610351562
huntsman,1,43.5
standart,1,99.2300033569336
pearl,1,553.9099731445312
maxcolor,1,77.22000122070312
imax,1,64.3499984741211
xlmedia,1,8.279999732971191
easycamp,1,29.09000015258789
rosato,1,129.99000549316406
ingersoll,1,112.2300033569336
molten,1,68.20999908447266
mcculloch,1,253.11000061035156
bona,1,76.62000274658203
nobu,1,283.1499938964844
lorellibolgaria,1,163.7100067138672
tamron,1,1474.02001953125
carpet,1,12.010000228881836
aces,1,86.48999786376953
claudebernard,1,162.1699981689453
rizmo,1,120.19000244140625
idealspaten,1,11.609999656677246
stern,1,21.600000381469727
grandvictory,1,37.34000015258789
vaiper,1,120.9800033569336
newbright,1,41.15999984741211
blaster,1,30.860000610351562
realflame,1,488.82000732421875
aksion,1,74.6500015258789
hohner,1,107.08000183105469
orivel,1,141.66000366210938
temp,1,92.72000122070312
cardrox,1,299.9800109863281
santacruz,1,282.8900146484375
sweetyhome,1,15.420000076293945
maja,1,58.16999816894531
shoesrepublic,1,69.5
paiste,1,141.57000732421875
elvin,1,69.23999786376953
kursiv,1,9.010000228881836
steffilove,1,45.790000915527344
kaemingk,1,608.6599731445312
prajm-evroznak,1,9.859999656677246
lamel,1,5.679999828338623
doona,1,383.5400085449219
chaod,1,432.44000244140625
capella,1,218.8000030517578
etro,1,266.6700134277344
miescarpe,1,10.039999961853027
specialized,1,1029.6300048828125
ardell,1,10.670000076293945
hintek,1,85.86000061035156
devos,1,125.36000061035156
wangfeng,1,43.72999954223633
circle,1,100.38999938964844
venti,1,205.92999267578125
wk,1,5.150000095367432
toysmax,1,59.849998474121094
adam,1,589.4600219726562
bombcat,1,13.180000305175781
enchantimals,1,48.880001068115234
wella,1,28.309999465942383
feron,1,1.9299999475479126
wsp,1,386.1099853515625
yokatta,1,343.3800048828125
hartan,1,1801.8199462890625
crusader,1,203.35000610351562
dreammachines,1,1801.8199462890625
hercules,1,24.170000076293945
breezeboat,1,125.5199966430664
soundstream,1,24.450000762939453
micromax,1,84.8499984741211
elitech,1,145.72000122070312
ipipoo,1,21.8799991607666
oribel,1,245.1199951171875
doubleeagle,1,64.33000183105469
muqaba,1,5.119999885559082
hairdorables,1,28.290000915527344
sluban,1,7.460000038146973
firepower,1,8.979999542236328
pinus,1,349.2799987792969
kyocera,1,327.69000244140625
lysvenskieemali,1,48.84000015258789
devente,1,66.33999633789062
mr.pixel,1,17.93000030517578
hifiman,1,297.20001220703125
vard,1,669.260009765625
stavia,1,43.45000076293945
lenso,1,1003.8900146484375
guliver,1,36.689998626708984
mrm-power,1,194.69000244140625
usborne,1,22.3700008392334
winda,1,95.02999877929688
zaharov,1,7.230000019073486
karapuz,1,21.75
antares,1,89.05999755859375
maman,1,114.58999633789062
avtotent,1,64.3499984741211
ogiz,1,7.829999923706055
taitong,1,333.54998779296875
leicos,1,4.760000228881836
klever,1,30.889999389648438
la-di-da,1,38.72999954223633
preciosa,1,511.29998779296875
ningbo,1,40.06999969482422
lujun,1,64.3499984741211
uralsport,1,50.970001220703125
elbasco,1,4.139999866485596
sarabella,1,28.579999923706055
roxykids,1,68.95999908447266
larocheposay,1,8.3100004196167
groundzero,1,265.1300048828125
llocker,1,27.799999237060547
silapro,1,9.270000457763672
lioele,1,12.899999618530273
universal,1,346.8399963378906
marcotozzipremio,1,71.81999969482422
egreat,1,375.3900146484375
likebook,1,6.019999980926514
mof,1,29.34000015258789
maidou,1,38.59000015258789
gorizont,1,133.0500030517578
homeelement,1,153.64999389648438
russia,1,1605.9599609375
energysistem,1,125.69000244140625
dynastar,1,342.0899963378906
anreks,1,128.67999267578125
sinusprofi,1,399.44000244140625
humminbird,1,581.739990234375
hada,1,28.309999465942383
lbl,1,39.900001525878906
kirovit,1,93.43000030517578
lange,1,203.08999633789062
legrand,1,37.95000076293945
anahickmann,1,151.61000061035156
landsail,1,46.08000183105469
miolla,1,92.12000274658203
pika,1,101.44000244140625
metalions,1,67.70999908447266
stryj,1,82.33999633789062
weber,1,303.80999755859375
superwings,1,23.0
labo,1,77.22000122070312
stavr,1,29.860000610351562
josephjoseph,1,74.13999938964844
apex,1,48.45000076293945
aqualife,1,98.29000091552734
lubereckiekovry,1,45.15999984741211
optimus,1,90.3499984741211
aquavis,1,271.9100036621094
rasch,1,12.770000457763672
basaran,1,25.739999771118164
tyr,1,64.3499984741211
doublefish,1,12.010000228881836
greentrees,1,103.37000274658203
akro,1,72.8499984741211
silhouette,1,385.8500061035156
secretkey,1,9.010000228881836
crystallux,1,45.81999969482422
lanard,1,32.150001525878906
eskar,1,15.600000381469727
maxmara,1,306.05999755859375
comma,1,303.32000732421875
nanotex,1,226.52000427246094
weina,1,40.22999954223633
aerosystem,1,1801.8199462890625
penny,1,43.72999954223633
wester,1,39.099998474121094
crunch,1,90.08999633789062
packing,1,77.7300033569336
luxuryconcept,1,57.65999984741211
derevaski,1,5.78000020980835
maxfactor,1,7.179999828338623
nanga,1,33.459999084472656
kubanfarfor,1,44.09000015258789
comfortzone,1,7.079999923706055
academie,1,8.720000267028809
ourgeneration,1,78.73999786376953
grandstil,1,18.280000686645508
calligrata,1,65.8499984741211
avaloncarpet,1,109.38999938964844
millet,1,82.11000061035156
banbao,1,1.1799999475479126
spider-man,1,40.029998779296875
dodo,1,4.380000114440918
revuele,1,4.119999885559082
heco,1,150.3699951171875
parklon,1,128.67999267578125
wowwee,1,35.5
tsv,1,64.88999938964844
kingmeda,1,11.710000038146973
speroni,1,156.75999450683594
siee,1,72.05000305175781
edelform,1,115.66000366210938
bohemian,1,90.3499984741211
vdovichev,1,5.199999809265137
hola,1,28.309999465942383
poli,1,22.510000228881836
merrylock,1,542.8200073242188
redpower,1,424.7200012207031
harleybaby,1,267.45001220703125
krasnaapresna,1,20.079999923706055
vasden,1,51.47999954223633
dariush,1,92.66999816894531
ewt,1,91.16999816894531
crome,1,5.46999979019165
cocoonababy,1,168.60000610351562
marcher,1,45.47999954223633
luazonlighting,1,18.600000381469727
wiseson,1,61.0099983215332
provence,1,4.860000133514404
indiana,1,50.45000076293945
startradingab,1,702.719970703125
skazocnyjpatrul,1,19.190000534057617
canwood,1,51.47999954223633
cressi,1,40.93000030517578
poppops,1,11.039999961853027
soyntec,1,2.549999952316284
pixiebelles,1,42.9900016784668
cameo,1,256.6199951171875
bayerlux,1,41.15999984741211
zvezda,1,11.970000267028809
absolutechampion,1,166.02999877929688
budibasa,1,12.40999984741211
screecherswild,1,24.43000030517578
dfz,1,0.8999999761581421
sharp,1,411.8299865722656
husky,1,247.11000061035156
zanry,1,7.360000133514404
kuppersbusch,1,1408.02001953125
rosmen,1,12.119999885559082
piter-trejd,1,7.610000133514404
denso,1,10.039999961853027
secretgourmet,1,35.08000183105469
htl,1,360.3699951171875
dragonfly,1,89.31999969482422
family,1,1055.3399658203125
duo,1,17.559999465942383
annaite,1,48.84000015258789
glanzen,1,4.090000152587891
valberg,1,20.489999771118164
qplay,1,144.14999389648438
triumph,1,4.369999885559082
targus,1,42.7599983215332
his,1,507.8599853515625
cralusso,1,7.900000095367432
qcyber,1,60.22999954223633
bessey,1,23.010000228881836
balterio,1,16.389999389648438
codemasters,1,7.71999979019165
libbey,1,3.759999990463257
renberg,1,20.479999542236328
embawood,1,521.760009765625
bueno,1,27.030000686645508
estomoda,1,66.93000030517578
redblu,1,171.14999389648438
malva,1,6.949999809265137
joe,1,199.22999572753906
carpisa,1,30.860000610351562
farcar,1,486.5
bambi,1,123.04000091552734
hibertek,1,6.329999923706055
a-derma,1,12.359999656677246
futura,1,45.95000076293945
jocelyn,1,3.7699999809265137
sowell,1,417.0
bot,1,6.309999942779541
corpus,1,10.170000076293945
slider,1,141.5500030517578
aoki,1,138.97000122070312
merzuka,1,27.600000381469727
betsy,1,42.189998626708984
mekkan,1,54.459999084472656
klx,1,7.699999809265137
koffer,1,285.5199890136719
khw,1,86.72000122070312
stikbot,1,27.770000457763672
yuandong,1,353.2900085449219
addlink,1,5.889999866485596
garage,1,15.739999771118164
atlas,1,80.76000213623047
dotemu,1,17.989999771118164
nomi,1,105.27999877929688
steger,1,90.08999633789062
peruzzo,1,91.12000274658203
babywood,1,347.7300109863281
namazu,1,16.59000015258789
maysun,1,67.93000030517578
belcat,1,77.22000122070312
steelflex,1,991.530029296875
worwo,1,30.729999542236328
parkwood,1,131.27999877929688
kakadu,1,12.25
household,1,61.779998779296875
martinez,1,128.19000244140625
cameron,1,14.59000015258789
playmates,1,43.2400016784668
micron,1,146.4600067138672
bentley,1,231.63999938964844
bel,1,8.029999732971191
deuter,1,248.13999938964844
kromax,1,50.45000076293945
kona,1,437.5899963378906
lefard,1,7.230000019073486
vionne,1,3.8399999141693115
rimmel,1,3.5199999809265137
polarring,1,23.15999984741211
sokany,1,25.479999542236328
zara,1,9.25
domcraft,1,13.130000114440918
coolermaster,1,97.29000091552734
sterntaler,1,31.65999984741211
cowon,1,79.27999877929688
ecoterm,1,21.649999618530273
harp,1,777.3699951171875
yh,1,102.94000244140625
borasco,1,5.150000095367432
zenmart,1,94.47000122070312
dulevskijfarfor,1,98.3499984741211
kiddy,1,179.77000427246094
privia,1,5.150000095367432
plantex,1,15.380000114440918
vip,1,15.369999885559082
